MSI URLs to be Redirected (exisiting and working in MSI side),Zebra Vanity URLs (To Be Created),"NewCo Zebra URL (existing, not prod in CQ)",Added to CQ
,www.zebra.com/utilitiesforios,us/en.html,
,www.zebra.com/utilitiesforandroid,us/en.html,
www.motorola.com/teamexpress,www.zebra.com/teamexpress,us/en.html,
"
http://www.motorolasolutions.com/enterprise/",www.zebra.com/home,us/en.html,
www.motorolasolutions.com/mesh,www.zebra.com/mesh,us/en.html,
http://www.motorolasolutions.com/recycling/weee,www.zebra.com/weee,us/en/about-zebra/company-information/compliance/products-and-materials-compliance/environmental-management/weee-faqs.html,
http://responsibility.motorolasolutions.com/index.php/downloads,www.zebra.com/corporateresponsibility,us/en/about-zebra/company-information/corporate-responsibility.html,
"www.motorola.com/enterprise/contactus
",www.zebra.com/contact,us/en/about-zebra/contact-us/contact-zebra.html,
http://newsroom.motorolasolutions.com,www.zebra.com/newsroom,us/en/about-zebra/newsroom.html,
www.motorolasolutions.com/pickanewdirection,www.zebra.com/pickanewdirection,us/en/cpn/pick-a-new-direction.html,
www.motorolasolutions.com/rockwellautomation,www.zebra.com/rockwellautomation,us/en/cpn/rockwell-automation.html,
,www.zebra.com/discontinued,us/en/discontinued.html,
www.motorolasolutions.com/ds4208hc,www.zebra.com/ds4208hc,us/en/discontinued.html,
,www.zebra.com/ls7708,us/en/discontinued.html,
www.motorolasolutions.com/ls9203i,www.zebra.com/ls9203i,us/en/discontinued.html,
www.motorolasolutions.com/ls9208i,www.zebra.com/ls9208i,us/en/discontinued.html,
www.motorolasolutions.com/ms2200,www.zebra.com/ms2200,us/en/discontinued.html,
www.motorolasolutions.com/ms3200,www.zebra.com/ms3200,us/en/discontinued.html,
www.motorolasolutions.com/m4400,www.zebra.com/m4400,us/en/discontinued.html,
,www.zebra.com/ls4208,us/en/discontinued.html,
www.motorolasolutions.com/se1224hp,www.zebra.com/se1224hp,us/en/discontinued.html,
www.motorolasolutions.com/se1200alr,www.zebra.com/se1200alr,us/en/discontinued.html,
www.motorolasolutions.com/se1200hp,www.zebra.com/se1200hp,us/en/discontinued.html,
www.motorolasolutions.com/se1200lr,www.zebra.com/se1200lr,us/en/discontinued.html,
www.motorolasolutions.com/se1200vhd,www.zebra.com/se1200vhd,us/en/discontinued.html,
www.motorolasolutions.com/se1200wa,www.zebra.com/se1200wa,us/en/discontinued.html,
www.motorolasolutions.com/se2223,www.zebra.com/se2223,us/en/discontinued.html,
www.motorolasolutions.com/se3223,www.zebra.com/se3223,us/en/discontinued.html,
www.motorolasolutions.com/se4400,www.zebra.com/se4400,us/en/discontinued.html,
www.motorolasolutions.com/7530g2,www.zebra.com/7530g2,us/en/discontinued.html,
www.motorolasolutions.com/es400,www.zebra.com/es400,us/en/discontinued.html,
www.motorolasolutions.com/mc1000,www.zebra.com/mc1000,us/en/discontinued.html,
www.motorolasolutions.com/mc75,www.zebra.com/mc75,us/en/discontinued.html,
www.motorolasolutions.com/omniirt15,www.zebra.com/omniirt15,us/en/discontinued.html,
www.motorolasolutions.com/rs309,www.zebra.com/rs309,us/en/discontinued.html,
www.motorolasolutions.com/rs409,www.zebra.com/rs409,us/en/discontinued.html,
www.motorolasolutions.com/vc9050,www.zebra.com/vc9050,us/en/discontinued.html,
www.motorolasolutions.com/vc6096 ,www.zebra.com/vc6096 ,us/en/discontinued.html,
www.motorola.com/vc6096,www.zebra.com/vc6096 ,us/en/discontinued.html,
www.motorolasolutions.com/workaboutpro3,www.zebra.com/workaboutpro3,us/en/discontinued.html,
www.motorolasolutions.com/fx7400,www.zebra.com/fx7400,us/en/discontinued.html,
www.motorolasolutions.com/ap650,www.zebra.com/ap650,us/en/discontinued.html,
www.motorolasolutions.com/ap7131,www.zebra.com/ap7131,us/en/discontinued.html,
www.motorolasolutions.com/rfs7000,www.zebra.com/rfs7000,us/en/discontinued.html,
www.motorolasolutions.com/nx4500,www.zebra.com/nx4500,us/en/discontinued.html,
www.motorolasolutions.com/pocketbrowser,www.zebra.com/pocketbrowser,us/en/discontinued.html,
www.motorolasolutions.com/AP8200,www.zebra.com/ap8200,us/en/discontinued.html,
,www.zebra.com/partners,us/en/partners.html,
www.motorolasolutions.com/Enterprise,www.zebra.com/products,us/en/products.html,
http://www.motorolasolutions.com/cs5014,www.zebra.com/cs5014,us/en/products.html,
,www.zebra.com/accessories,us/en/products/accessories.html,
www.motorola.com/mobilepayment,www.zebra.com/mobilepayment,us/en/products/accessories/mobile-computer/mobile-payment-device.html,
,www.zebra.com/dcr7x00-100r,us/en/products/accessories/mobile-computer/mobile-payment-device/dcr7x00-100r.html,
,www.zebra.com/dcr7x00-200r,us/en/products/accessories/mobile-computer/mobile-payment-device/dcr7x00-200r.html,
,www.zebra.com/msr-tc7x-snp1-01,us/en/products/accessories/mobile-computer/mobile-payment-device/magnetic-card-reader.html,
www.motorolasolutions.com/MPM100,www.zebra.com/mpm100,us/en/products/accessories/mobile-computer/mobile-payment-device/mpm-100.html,
,www.zebra.com/pd40-100,us/en/products/accessories/mobile-computer/mobile-payment-device/pd40.html,
http://www.motorola.com/microkiosks,www.zebra.com/microkiosks,us/en/products/interactive-kiosks.html,
www.motorolasolutions.com/CC5000,www.zebra.com/cc5000,us/en/products/interactive-kiosks/cc5000.html,
"www.motorolasolutions.com/mk3100
www.motorola.com/mk3100",www.zebra.com/mk3100,us/en/products/interactive-kiosks/mk3100.html,
"www.motorolasolutions.com/mk4000
www.motorola.com/mk4000",www.zebra.com/mk4000,us/en/products/interactive-kiosks/mk4000.html,
"www.motorola.com/mk500
www.motorolasolutions.com/mk500",www.zebra.com/mk500,us/en/products/interactive-kiosks/mk500-micro-kiosk.html,
,www.zebra.com/locationsolutions,us/en/products/location-solutions.html,
,www.zebra.com/dartuwb,us/en/products/location-solutions/dart-uwb.html,
,www.zebra.com/darthub,us/en/products/location-solutions/dart-uwb/dart-hub.html,
,www.zebra.com/dartsensor,us/en/products/location-solutions/dart-uwb/dart-sensor.html,
,www.zebra.com/darttag,us/en/products/location-solutions/dart-uwb/dart-tag.html,
,www.zebra.com/dartvisionreader,us/en/products/location-solutions/dart-uwb/dart-vision-reader.html,
,www.zebra.com/dartwand,us/en/products/location-solutions/dart-uwb/dart-wand.html,
www.motorolasolutions.com/mpact,www.zebra.com/mpact,us/en/products/location-solutions/mpact.html,
,www.zebra.com/lssoftware,us/en/products/location-solutions/software.html,
,www.zebra.com/rtlssoftware,us/en/products/location-solutions/software.html,
,www.zebra.com/materialflow,us/en/products/location-solutions/software/material-flow.html,
,www.zebra.com/systembuilder,us/en/products/location-solutions/software/system-builder.html,
,www.zebra.com/vehicletracking,us/en/products/location-solutions/software/vehicle-tracking-management.html,
,www.zebra.com/visibilityserver,us/en/products/location-solutions/software/visibility-server-software.html,
,www.zebra.com/yardmanagement,us/en/products/location-solutions/software/yard-management-software.html,
,www.zebra.com/wherenet,us/en/products/location-solutions/wherenet.html,
,www.zebra.com/wherecall,us/en/products/location-solutions/wherenet/wherecall.html,
,www.zebra.com/wherelan,us/en/products/location-solutions/wherenet/wherelan.html,
,www.zebra.com/whereport,us/en/products/location-solutions/wherenet/whereport.html,
,www.zebra.com/wheretag,us/en/products/location-solutions/wherenet/wheretag.html,
,www.zebra.com/wherewand,us/en/products/location-solutions/wherenet/wherewand.html,
www.motorolasolutions.com/MobileComputers,www.zebra.com/mobilecomputers,us/en/products/mobile-computers.html,
,www.zebra.com/handheldcomputers,us/en/products/mobile-computers/handheld.html,
www.motorolasolutions.com/ep10,www.zebra.com/ep10,us/en/products/mobile-computers/handheld/ep10.html,
www.motorola.com/mc17,www.zebra.com/mc17,us/en/products/mobile-computers/handheld/mc17.html,
www.motorola.com/mc18,www.zebra.com/mc18,us/en/products/mobile-computers/handheld/mc18.html,
www.motorolasolutions.com/mc2100 ,www.zebra.com/mc2100,us/en/products/mobile-computers/handheld/mc2100.html,
www.motorola.com/mc3100,www.zebra.com/mc3100,us/en/products/mobile-computers/handheld/mc3100.html,
www.motorolasolutions.com/MC3200,www.zebra.com/mc3200,us/en/products/mobile-computers/handheld/mc3200.html,
www.motorolasolutions.com/mc40hc,www.zebra.com/mc40hc,us/en/products/mobile-computers/handheld/mc40-hc.html,
www.motorolasolutions.com/mc40,www.zebra.com/mc40,us/en/products/mobile-computers/handheld/mc40.html,
http://www.motorolasolutions.com/mc45,www.zebra.com/mc45nfc,us/en/products/mobile-computers/handheld/mc45-nfc.html,
http://www.motorolasolutions.com/mc45,www.zebra.com/mc45,us/en/products/mobile-computers/handheld/mc45.html,
www.motorolasolutions.com/mc55a0hc ,www.zebra.com/mc55a0hc ,us/en/products/mobile-computers/handheld/mc55a0-hc.html,
www.motorolasolutions.com/mc55a0,www.zebra.com/mc55a0,us/en/products/mobile-computers/handheld/mc55a0.html,
www.motorolasolutions.com/mc55no,www.zebra.com/mc55no,us/en/products/mobile-computers/handheld/mc55n0.html,
www.motorola.com/mc65,www.zebra.com/mc65,us/en/products/mobile-computers/handheld/mc65.html,
www.motorolasolutions.com/mc75ahf,www.zebra.com/mc75ahf,us/en/products/mobile-computers/handheld/mc75a-hf.html,
 www.motorolasolutions.com/MC75A,www.zebra.com/mc75a,us/en/products/mobile-computers/handheld/mc75a.html,
www.motorola.com/mc75a0hc ,www.zebra.com/mc75a0hc ,us/en/products/mobile-computers/handheld/mc75a0-hc.html,
www.motorola.com/mc9190,www.zebra.com/mc9190,us/en/products/mobile-computers/handheld/mc9190-g.html,
www.motorola.com/mc9190g,www.zebra.com/mc9190g,us/en/products/mobile-computers/handheld/mc9190-g.html,
www.motorolasolutions.com/mc9200,www.zebra.com/mc9200,us/en/products/mobile-computers/handheld/mc9200.html,
www.motorola.com/mc9500,www.zebra.com/mc9500,us/en/products/mobile-computers/handheld/mc9500-k.html,
www.motorola.com/mc9500-K,www.zebra.com/mc9500k,us/en/products/mobile-computers/handheld/mc9500-k.html,
www.motorolasolutions.com/omniixt15,www.zebra.com/omniixt15,us/en/products/mobile-computers/handheld/omnii-xt15.html,
www.motorolasolutions.com/xt15,www.zebra.com/xt15,us/en/products/mobile-computers/handheld/omnii-xt15.html,
www.motorolasolutions.com/sb1hc,www.zebra.com/sb1hc,us/en/products/mobile-computers/handheld/sb1-hc.html,
www.motorolasolutions.com/sb1,www.zebra.com/sb1,us/en/products/mobile-computers/handheld/sb1.html,
http://www.motorolasolutions.com/tc55,www.zebra.com/tc55,us/en/products/mobile-computers/handheld/tc55.html,
http://www.motorolasolutions.com/tc70,www.zebra.com/tc70,us/en/products/mobile-computers/handheld/tc70.html,
www.motorolasolutions.com/workaboutpro4,www.zebra.com/workaboutpro4,us/en/products/mobile-computers/handheld/workabout-pro-4.html,
www.motorolasolutions.com/workaboutpro,www.zebra.com/workaboutpro4,us/en/products/mobile-computers/handheld/workabout-pro-4.html,
www.motorolasolutions.com/workabout,www.zebra.com/workaboutpro4,us/en/products/mobile-computers/handheld/workabout-pro-4.html,
www.motorolasolutions.com/RFD5500,www.zebra.com/mc3190z,us/en/products/mobile-computers/rfid-handhelds/mc3190-z-handheld-rfid-reader.html,
,www.zebra.com/mc9190z,us/en/products/mobile-computers/rfid-handhelds/mc9190-z-rfid.html,
 www.motorolasolutions.com/MC3190Z,www.zebra.com/rfd5500,us/en/products/mobile-computers/rfid-handhelds/rfd5500.html,
www.motorolasolutions.com/forkliftsolution,www.zebra.com/vehiclemountedcomputers,us/en/products/mobile-computers/vehicle-mounted.html,
www.motorolasolutions.com/8515,www.zebra.com/8515,us/en/products/mobile-computers/vehicle-mounted/8515.html,
www.motorolasolutions.com/8585,www.zebra.com/8585,us/en/products/mobile-computers/vehicle-mounted/8585-8595.html,
www.motorolasolutions.com/8595,www.zebra.com/8595,us/en/products/mobile-computers/vehicle-mounted/8585-8595.html,
www.motorolasolutions.com/vc70N0,www.zebra.com/vc70n0,us/en/products/mobile-computers/vehicle-mounted/vc70n0.html,
www.Motorola.com/VH10,www.zebra.com/vh10,us/en/products/mobile-computers/vehicle-mounted/vh10.html,
www.motorolasolutions.com/wearablecomputers,www.zebra.com/wearablecomputers,us/en/products/mobile-computers/wearable-computers.html,
www.motorolasolutions.com/HC1,www.zebra.com/hc1,us/en/products/mobile-computers/wearable-computers/hc1.html,
www.motorolasolutions.com/rch51 ,www.zebra.com/rch51,us/en/products/mobile-computers/wearable-computers/rch51.html,
www.motorolasolutions.com/rs419,www.zebra.com/rs419,us/en/products/mobile-computers/wearable-computers/rs419.html,
www.motorolasolutions.com/rs507,www.zebra.com/rs507,us/en/products/mobile-computers/wearable-computers/rs507.html,
www.motorolasolutions.com/wt41n0vow,www.zebra.com/wt41n0vow,us/en/products/mobile-computers/wearable-computers/wt41n0-vow.html,
www.motorolasolutions.com/wt41n0,www.zebra.com/wt41n0,us/en/products/mobile-computers/wearable-computers/wt41n0.html,
www.motorolasolutions.com/mesh,www.zebra.com/networks,us/en/products/networks.html,
http://www.motorolasolutions.com/narrowband,www.zebra.com/narrowband,us/en/products/networks/narrowband-digital-wireless.html,
http://www.motorolasolutions.com/9160G2,www.zebra.com/9160G2,us/en/products/networks/narrowband-digital-wireless/9160-g2.html,
http://www.motorolasolutions.com/9160G2,www.zebra.com/9160G2,us/en/products/networks/narrowband-digital-wireless/9160-g2.html,
http://www.motorolasolutions.com/US-EN/Business+Product+and+Services/Enterprise+Voice,www.zebra.com/voicehardware,us/en/products/networks/voice-hardware.html,
www.motorolasolutions.com/enterprisevoice,www.zebra.com/enterprisevoice,us/en/products/networks/voice-hardware.html,
www.motorolasolutions.com/ewb100,www.zebra.com/ewb100,us/en/products/networks/voice-hardware/ewb100.html,
,www.zebra.com/radiolink,us/en/products/networks/voice-hardware/radio-link-express.html,
www.motorolasultions.com/oem,www.zebra.com/oem,us/en/products/oem.html,
,www.zebra.com/oemscanengines,us/en/products/oem/oem-engines.html,
,www.zebra.com/oemarrayimager,us/en/products/oem/oem-engines/oem-array-imager-scan-engines.html,
,www.zebra.com/ccscn1,us/en/products/oem/oem-engines/oem-array-imager-scan-engines/ccscn1.html,
www.motorolasolutions.com/pldecoders,www.zebra.com/pldecoderfamily,us/en/products/oem/oem-engines/oem-array-imager-scan-engines/pl-decoder-family.html,
www.motorolasolutions.com/se3300,www.zebra.com/se3300,us/en/products/oem/oem-engines/oem-array-imager-scan-engines/se3300.html,
www.motorolasolutions.com/se3317wa,www.zebra.com/se3317wa,us/en/products/oem/oem-engines/oem-array-imager-scan-engines/se3317-wa.html,
www.motorolasolutions.com/se4500,www.zebra.com/se4500,us/en/products/oem/oem-engines/oem-array-imager-scan-engines/se4500.html,
,www.zebra.com/se4710,us/en/products/oem/oem-engines/oem-array-imager-scan-engines/se4710.html,
www.motorolasolutions.com/se4750,www.zebra.com/se4750,us/en/products/oem/oem-engines/oem-array-imager-scan-engines/se4750.html,
www.motorolasolutions.com/se6700,www.zebra.com/se6700,us/en/products/oem/oem-engines/oem-array-imager-scan-engines/se6700.html,
,www.zebra.com/oemfixedmountimager,us/en/products/oem/oem-engines/oem-fixed-mount-scannners.html,
,www.zebra.com/oemlaserimager,us/en/products/oem/oem-engines/oem-laser-scan-engines.html,
www.motorolasolutions.com/se1524er,www.zebra.com/se1524er,us/en/products/oem/oem-engines/oem-laser-scan-engines/se1524er.html,
,www.zebra.com/se95x,us/en/products/oem/oem-engines/oem-laser-scan-engines/se95x.html,
www.motorolasolutions.com/se96x,www.zebra.com/se96x,us/en/products/oem/oem-engines/oem-laser-scan-engines/se96x.html,
,www.zebra.com/oemlinearimager,us/en/products/oem/oem-engines/oem-linear-imager-scan-engines.html,
www.motorolasolutions.com/se655,www.zebra.com/se655,us/en/products/oem/oem-engines/oem-linear-imager-scan-engines/se655.html,
,www.zebra.com/softwaredecode,us/en/products/oem/oem-engines/oem-software-decode.html,
www.motorolasolutions.com/sda,www.zebra.com/sda,us/en/products/oem/oem-engines/oem-software-decode/software-decode-for-applications.html,
www.motorolasolutions.com/sdc,www.zebra.com/decodeforcameras,us/en/products/oem/oem-engines/oem-software-decode/software-decode-for-cameras.html,
www.motorolasolutions.com/sdl,"www.zebra.com/decodelibrary
",us/en/products/oem/oem-engines/oem-software-decode/software-decode-library.html,
,www.zebra.com/sdl,us/en/products/oem/oem-engines/oem-software-decode/software-decode-library.html,
,www.zebra.com/oemprivatelabel,us/en/products/oem/oem-private-label.html,
,www.zebra.com/printerparts,us/en/products/parts.html,
,www.zebra.com/desktopprinterparts,us/en/products/parts/desktop-parts.html,
,www.zebra.com/industrialprinterparts,us/en/products/parts/industrial-parts.html,
,www.zebra.com/kioskprinterparts,us/en/products/parts/kiosk-parts.html,
,www.zebra.com/printengineparts,us/en/products/parts/print-engine-parts.html,
,www.zebra.com/rfidprinterparts,us/en/products/parts/rfid-parts.html,
,www.zebra.com/zxpcardprinterparts,us/en/products/parts/zxp-card-parts.html,
,www.zebra.com/printers,us/en/products/printers.html,
,www.zebra.com/cardprinters,us/en/products/printers/card.html,
,www.zebra.com/quickcardid,us/en/products/printers/card/quikcard-id.html,
,www.zebra.com/zxpseries1,us/en/products/printers/card/zxp-series-1.html,
,www.zebra.com/zxpseries3,us/en/products/printers/card/zxp-series-3.html,
,www.zebra.com/zxpseries7,us/en/products/printers/card/zxp-series-7.html,
,www.zebra.com/zxpseries8,us/en/products/printers/card/zxp-series-8.html,
,www.zebra.com/desktopprinters,us/en/products/printers/desktop.html,
,www.zebra.com/industrialprinters,us/en/products/printers/industrial.html,
,www.zebra.com/105slplus,us/en/products/printers/industrial/105sl.html,
,www.zebra.com/xiseries,us/en/products/printers/industrial/xi-series.html,
,www.zebra.com/zt200series,us/en/products/printers/industrial/zt200-series.html,
,www.zebra.com/zt400series,us/en/products/printers/industrial/zt400-series.html,
,www.zebra.com/kioskprinters,us/en/products/printers/kiosk.html,
,www.zebra.com/kr203,us/en/products/printers/kiosk/kr200-series.html,
,www.zebra.com/kr403,us/en/products/printers/kiosk/kr400-series.html,
,www.zebra.com/ttp2000series,us/en/products/printers/kiosk/ttp-2000-series.html,
,www.zebra.com/ttp2100series,us/en/products/printers/kiosk/ttp-2100-series.html,
,www.zebra.com/ttp8000series,us/en/products/printers/kiosk/ttp-8000-series.html,
,www.zebra.com/mobileprinters,us/en/products/printers/mobile.html,
,www.zebra.com/em220ii,us/en/products/printers/mobile/em-220ii.html,
,www.zebra.com/imzseries,us/en/products/printers/mobile/mz-series.html,
,www.zebra.com/p4t,us/en/products/printers/mobile/p4t.html,
,www.zebra.com/qlnserieshealthcare,us/en/products/printers/mobile/qln-series-hc.html,
,www.zebra.com/qlnseries,us/en/products/printers/mobile/qln-series.html,
,www.zebra.com/rwseries,us/en/products/printers/mobile/rw-series.html,
,www.zebra.com/zq110,us/en/products/printers/mobile/zq110.html,
,www.zebra.com/printengines,us/en/products/printers/print-engines.html,
,www.zebra.com/ze500,us/en/products/printers/print-engines/ze500.html,
,www.zebra.com/rfidprinters,us/en/products/printers/rfid.html,
,www.zebra.com/r110xi4,us/en/products/printers/rfid/r110xi4.html,
,www.zebra.com/rpax,us/en/products/printers/rfid/rpax.html,
,www.zebra.com/rzseries,us/en/products/printers/rfid/rz-series.html,
,www.zebra.com/zd500r,us/en/products/printers/rfid/zd500r.html,
,www.zebra.com/ze500r,us/en/products/printers/rfid/ze500r.html,
,www.zebra.com/zt400seriesrfid,us/en/products/printers/rfid/zt400-rfid.html,
www.motorolasolutions.com/rfid,www.zebra.com/rfidtags,us/en/products/rfid.html,
"
http://www.symbol.com/products/rfid-readers/rfid-implementation",www.zebra.com/rfid,us/en/products/rfid.html,
www.motorolasolutions.com/antennas,www.zebra.com/antennas,us/en/products/rfid/rfid-reader-antennas.html,
www.motorolasolutions.com/antennas,www.zebra.com/rfidantennas,us/en/products/rfid/rfid-reader-antennas.html,
,www.zebra.com/an200,us/en/products/rfid/rfid-reader-antennas/an200.html,
,www.zebra.com/an400,us/en/products/rfid/rfid-reader-antennas/an400.html,
www.motorolasolutions.com/an440,www.zebra.com/an440,us/en/products/rfid/rfid-reader-antennas/an440.html,
,www.zebra.com/an480,us/en/products/rfid/rfid-reader-antennas/an480.html,
www.motorolasolutions.com/an610,www.zebra.com/an610,us/en/products/rfid/rfid-reader-antennas/an610.html,
www.motorolasolutions.com/an620,www.zebra.com/an620,us/en/products/rfid/rfid-reader-antennas/an620.html,
,www.zebra.com/an710,us/en/products/rfid/rfid-reader-antennas/an710.html,
,www.zebra.com/an720,us/en/products/rfid/rfid-reader-antennas/an720.html,
,www.zebra.com/rfidreaders,us/en/products/rfid/rfid-readers.html,
www.motorola.com/FX7500,www.zebra.com/fx7500,us/en/products/rfid/rfid-readers/fx7500.html,
www.motorolasolutions.com/fx7500,www.zebra.com/fx7500,us/en/products/rfid/rfid-readers/fx7500.html,
www.motorola.com/FX9500,www.zebra.com/fx9500,us/en/products/rfid/rfid-readers/fx9500.html,
"
www.motorolasolutions.com/fx9500",www.zebra.com/fx9500,us/en/products/rfid/rfid-readers/fx9500.html,
http://www.motorolasolutions.com/9160G2,www.zebra.com/scanners,us/en/products/scanners.html,
www.motorolasolutions.com/mobilebarcodes,www.zebra.com/scanners,us/en/products/scanners.html,
www.motorolasolutions.com/barcodescanners,www.zebra.com/scanners,us/en/products/scanners.html,
www.motorolasolutions.com/barcodescanning,www.zebra.com/scanners,us/en/products/scanners.html,
www.motorolasolutions.com/barcode,www.zebra.com/scanners,us/en/products/scanners.html,
www.motorolasolutions.com/barcodescanners,www.zebra.com/barcodescanners,us/en/products/scanners.html,
www.motorolasolutions.com/barcodescanning,www.zebra.com/barcodescanning,us/en/products/scanners.html,
,www.zebra.com/companionscanners,us/en/products/scanners/companion-scanners.html,
www.motorola.com/cs1504,www.zebra.com/cs1504,us/en/products/scanners/companion-scanners/cs1504.html,
www.motorola.com/cs3000,www.zebra.com/cs3000,us/en/products/scanners/companion-scanners/cs3000-series.html,
www.motorolasolutions.com/cs4070,www.zebra.com/cs4070,us/en/products/scanners/companion-scanners/cs4070.html,
,www.zebra.com/fixedmountscanners,us/en/products/scanners/fixed-mount-scanners.html,
http://www.motorola.com/ds457,www.zebra.com/ds457,us/en/products/scanners/fixed-mount-scanners/ds457.html,
www.motorolasolutions.com/MSI12XX,www.zebra.com/miniscan12xx,us/en/products/scanners/fixed-mount-scanners/miniscan-12xx.html,
"
www.motorolasolutions.com//ms1200",www.zebra.com/miniscan12xx,us/en/products/scanners/fixed-mount-scanners/miniscan-12xx.html,
"www.motorolasolutions.com/ms954
",www.zebra.com/miniscan954,us/en/products/scanners/fixed-mount-scanners/miniscan-954.html,
,www.zebra.com/generalbarcodescanners,us/en/products/scanners/general-purpose-scanners.html,
,www.zebra.com/handheldscanners,us/en/products/scanners/general-purpose-scanners/handheld.html,
www.motorola.com/ds6707,www.zebra.com/ds6707,us/en/products/scanners/general-purpose-scanners/handheld.html,
www.motorola.com/ds6878,www.zebra.com/ds6878,us/en/products/scanners/general-purpose-scanners/handheld.html,
www.motorolasolutions.com/ds4308,www.zebra.com/ds4308,us/en/products/scanners/general-purpose-scanners/handheld/ds4308.html,
www.motorolasolutions.com/ds4800,www.zebra.com/ds4800,us/en/products/scanners/general-purpose-scanners/handheld/ds4800.html,
www.motorolasolutions.com/ds6700,www.zebra.com/ds6700,us/en/products/scanners/general-purpose-scanners/handheld/ds6700.html,
www.motorolasolutions.com/ds6707dp,www.zebra.com/ds6707dp,us/en/products/scanners/general-purpose-scanners/handheld/ds6707-dp.html,
www.motorolasolutions.com/ds6707hd,www.zebra.com/ds6707hd,us/en/products/scanners/general-purpose-scanners/handheld/ds6707-hd.html,
www.motorolasolutions.com/ds6708dl,www.zebra.com/ds6708dl,us/en/products/scanners/general-purpose-scanners/handheld/ds6708-dl.html,
www.motorolasolutions.com/ds6878dl,www.zebra.com/ds6878dl,us/en/products/scanners/general-purpose-scanners/handheld/ds6878-dl.html,
www.motorolasolutions.com/ds6878sr,www.zebra.com/ds6878sr,us/en/products/scanners/general-purpose-scanners/handheld/ds6878-sr.html,
www.motorolasolutions.com/li2208,www.zebra.com/li2208,us/en/products/scanners/general-purpose-scanners/handheld/li2208.html,
motorolasolutions.com/li4278,www.zebra.com/li4278,us/en/products/scanners/general-purpose-scanners/handheld/li4278.html,
www.motorolasolutions.com/ls1203hd,www.zebra.com/ls1203hd,us/en/products/scanners/general-purpose-scanners/handheld/ls1203-hd.html,
www.symbol.com/ls1203,www.zebra.com/ls1203,us/en/products/scanners/general-purpose-scanners/handheld/ls1203.html,
motorolasolutions.com/ls2208,www.zebra.com/ls2208,us/en/products/scanners/general-purpose-scanners/handheld/ls2208.html,
,www.zebra.com/handsfreescanners,us/en/products/scanners/general-purpose-scanners/hands-free-on-counter.html,
www.motorolasolutions.com/ds4308P,www.zebra.com/ds4308p,us/en/products/scanners/general-purpose-scanners/hands-free-on-counter/ds4308p.html,
www.motorolasolutions.com/ds9208,www.zebra.com/ds9208,us/en/products/scanners/general-purpose-scanners/hands-free-on-counter/ds9208.html,
www.motorolasolutions.com/ds9808r,www.zebra.com/ds9808r,us/en/products/scanners/general-purpose-scanners/hands-free-on-counter/ds9808-r.html,
"www.motorola.com/ds9808
www.motorolasolutions.com/ds9808",www.zebra.com/ds9808,us/en/products/scanners/general-purpose-scanners/hands-free-on-counter/ds9808.html,
,www.zebra.com/incounterscanners,us/en/products/scanners/general-purpose-scanners/in-counter.html,
www.motorolasolutions.com/ls7808,www.zebra.com/ls7808,us/en/products/scanners/general-purpose-scanners/in-counter/ls7808.html,
,www.zebra.com/healthcarescanners,us/en/products/scanners/healthcare-scanners.html,
"www.motorolasolutions.com/cs4070hc 
www.motorolasolutions.com/cs4070h",www.zebra.com/cs4070hc,us/en/products/scanners/healthcare-scanners/cs4070-hc.html,
,www.zebra.com/ds4308hc,us/en/products/scanners/healthcare-scanners/ds4308-hc.html,
www.motorola.com/ds6878hc,www.zebra.com/ds6878hc,us/en/products/scanners/healthcare-scanners/ds6878-hc.html,
,www.zebra.com/multiplanescanners,us/en/products/scanners/multi-plane-scanners.html,3/19 sj
www.motorolasolutions.com/mp6000,www.zebra.com/mp6000,us/en/products/scanners/multi-plane-scanners/mp6000.html,3/19 sj
www.motorolasolutions.com/barcodescanning/rugged ,www.zebra.com/ruggedscanners ,us/en/products/scanners/rugged-scanners.html,3/19 sj
"www.motorolasolutions.com/ds3500er
",www.zebra.com/ds3500er,us/en/products/scanners/rugged-scanners/ds3500-er.html,3/19 sj
"www.motorolasolutions.com/ds3508
",www.zebra.com/ds3508,us/en/products/scanners/rugged-scanners/ds3508.html,3/19 sj
www.motorola.com/ds3578,www.zebra.com/ds3578,us/en/products/scanners/rugged-scanners/ds3578.html,3/19 sj
www.motorolasolutions.com/ds3578,www.zebra.com/ds3578,us/en/products/scanners/rugged-scanners/ds3578.html,3/19 sj
"www.symbol.com/ls3008
www.motorolasolutions.com/ls3008",www.zebra.com/ls3008,us/en/products/scanners/rugged-scanners/ls3008.html,
www.motorolasolutions.com/ls3408er,www.zebra.com/ls3408er,us/en/products/scanners/rugged-scanners/ls3008.html,
www.motorolasolutions.com/ls3408fz,www.zebra.com/ls3408fz,us/en/products/scanners/rugged-scanners/ls3408-fz.html,
www.motorolasolutions.com/ls3578er,www.zebra.com/ls3578er,us/en/products/scanners/rugged-scanners/ls3578-er.html,
www.motorolasolutions.com/ls3578fz,www.zebra.com/ls3578fz,us/en/products/scanners/rugged-scanners/ls3578-fz.html,
www.motorola.com/MT2000 ,www.zebra.com/mt2000,us/en/products/scanners/rugged-scanners/mt2000.html,
"
www.motorolasolutions.com/software",www.zebra.com/software,us/en/products/software.html,
www.motorola.com/enterprisemobility/devzone,www.zebra.com/software,us/en/products/software.html,
,www.zebra.com/barcodeprintersoftware,us/en/products/software/barcode-printers.html,
,www.zebra.com/linkos,us/en/products/software/barcode-printers/link-os.html,
,www.zebra.com/airwatchconnector,us/en/products/software/barcode-printers/link-os/airwatch-connector.html,
,www.zebra.com/cloudconnect,us/en/products/software/barcode-printers/link-os/cloud-connect.html,
,www.zebra.com/os-enterpriseconnector,us/en/products/software/barcode-printers/link-os/enterprise-connector.html,
,www.zebra.com/linkossdk,us/en/products/software/barcode-printers/link-os/link-os-sdk.html,
,www.zebra.com/os-mirror,us/en/products/software/barcode-printers/link-os/mirror.html,
,www.zebra.com/printstation,us/en/products/software/barcode-printers/link-os/print-station.html,
,www.zebra.com/printtouch,us/en/products/software/barcode-printers/link-os/print-touch.html,
,www.zebra.com/profilemanager,us/en/products/software/barcode-printers/link-os/profile-manager.html,
,www.zebra.com/virtualdevices,us/en/products/software/barcode-printers/link-os/virtual-devices-current.html,
,www.zebra.com/os-zebradesignermysap,us/en/products/software/barcode-printers/link-os/zebradesigner-for-mysap-business-suite.html,
,www.zebra.com/os-zebradesignerpro,us/en/products/software/barcode-printers/link-os/zebradesigner-pro.html,
,www.zebra.com/os-zebradesignerxml,us/en/products/software/barcode-printers/link-os/zebradesigner-xml.html,
,www.zebra.com/zebralink,us/en/products/software/barcode-printers/zebralink.html,
,www.zebra.com/alternateprogramminglanguages,us/en/products/software/barcode-printers/zebralink/apl.html,
,www.zebra.com/customizedfrontpanel,us/en/products/software/barcode-printers/zebralink/customizable-front-panel.html,
,www.zebra.com/enterpriseconnector,us/en/products/software/barcode-printers/zebralink/enterprise-connector.html,
,www.zebra.com/z-mirror,us/en/products/software/barcode-printers/zebralink/mirror.html,
,www.zebra.com/sapintegration,us/en/products/software/barcode-printers/zebralink/sap-integration.html,
,www.zebra.com/zbikeymanager,us/en/products/software/barcode-printers/zebralink/zbi-key-manager.html,
,www.zebra.com/basicinterpreter,us/en/products/software/barcode-printers/zebralink/zebra-basic-interpreter2.html,
,www.zebra.com/z-zebradesignermysap,us/en/products/software/barcode-printers/zebralink/zebra-designer-mysap-business-suite.html,
,www.zebra.com/z-zebradesignerpro,us/en/products/software/barcode-printers/zebralink/zebra-designer-pro.html,
,www.zebra.com/z-zebradesignerxml,us/en/products/software/barcode-printers/zebralink/zebra-designer-xml.html,
,www.zebra.com/zebradesigner,us/en/products/software/barcode-printers/zebralink/zebra-designer.html,
,www.zebra.com/setuputilities,us/en/products/software/barcode-printers/zebralink/zebra-setup-utility.html,
,www.zebra.com/zebralinksdk,us/en/products/software/barcode-printers/zebralink/zebralink-multiplatform-sdk.html,
,www.zebra.com/zebranetbridge,us/en/products/software/barcode-printers/zebralink/zebranet-bridge-enterprise.html,
,www.zebra.com/cardprintersoftware,us/en/products/software/card-printers.html,
,www.zebra.com/cardsoftware,us/en/products/software/card-printers.html,
,www.zebra.com/valueperformancesdk,us/en/products/software/card-printers/zebra-card-sdk-value-performance-printers.html,
,www.zebra.com/virtualprintware,us/en/products/software/card-printers/zebra-virtual-printware.html,
,www.zebra.com/cardstudio,us/en/products/software/card-printers/zmotif-cardstudio-standard.html,
,www.zebra.com/zxp3and1sdk,us/en/products/software/card-printers/zmotif-sdk-zxp-series-3.html,
,www.zebra.com/zxp7and8sdk,us/en/products/software/card-printers/zmotif-sdk-zxp-series-8.html,
www.motorolasolutions.com/mobilitysoftware,www.zebra.com/mobilitysoftware,us/en/products/software/mobile-computers.html,
http://www.motorolasolutions.com/US-EN/Business+Product+and+Services/Software+and+Applications/Mobility+Software/Mobility+Suite/Mobility+Suite,www.zebra.com/mobilitysoftware,us/en/products/software/mobile-computers.html,
,www.zebra.com/mobilitysuite,us/en/products/software/mobile-computers.html,
,www.zebra.com/mobileapplicationutilities,us/en/products/software/mobile-computers/mobile-app-utilities.html,
www.motorolasolutions.com/appcenter,www.zebra.com/appcenter,us/en/products/software/mobile-computers/mobile-app-utilities/appcenter.html,
,www.zebra.com/edmkandroid,us/en/products/software/mobile-computers/mobile-app-utilities/emdk-for-android.html,
,www.zebra.com/emdt-emct,us/en/products/software/mobile-computers/mobile-app-utilities/emdt-emct.html,
www.motorolasolutions.com/enterprisebrowser,www.zebra.com/enterprisebrowser,us/en/products/software/mobile-computers/mobile-app-utilities/enterprise-browser.html,
,www.zebra.com/stagenow,us/en/products/software/mobile-computers/mobile-app-utilities/stagenow.html,
,www.zebra.com/mobiledevicemanagement,us/en/products/software/mobile-computers/mobile-device-management.html,
www.motorolasolutions.com/airwatch,www.zebra.com/airwatch,us/en/products/software/mobile-computers/mobile-device-management/airwatch.html,
,www.zebra.com/mobilityservicesplatform,us/en/products/software/mobile-computers/mobile-device-management/mobility-services-platform.html,
http://www.motorolasolutions.com/SOTI,www.zebra.com/soti,us/en/products/software/mobile-computers/mobile-device-management/soti_mobicontrol.html,
"www.motorolasolutions.com/workforcemanagement
",www.zebra.com/workforcemanagement,us/en/products/software/mobile-computers/mobile-workforce-management-software.html,
"www.motorolasolutions.com/MxExtensions
",www.zebra.com/mxextensions,us/en/products/software/mobile-computers/mobility-extensions.html,
www.motorolasolutions.com/mx,www.zebra.com/mxextensions,us/en/products/software/mobile-computers/mobility-extensions.html,
"www.motorolasolutions.com/RhoMobile
",www.zebra.com/rhomobile,us/en/products/software/mobile-computers/rhomobile-suite.html,
www.motorolasolutions.com/rho,www.zebra.com/rhomobile,us/en/products/software/mobile-computers/rhomobile-suite.html,
www.motorolasolutions.com/rhoconnect,www.zebra.com/rhoconnect,us/en/products/software/mobile-computers/rhomobile-suite.html,
www.motorolasolutions.com/rhodes,www.zebra.com/rhodes,us/en/products/software/mobile-computers/rhomobile-suite.html,
www.motorolasolutions.com/rhoelements,www.zebra.com/rhoelements,us/en/products/software/mobile-computers/rhomobile-suite.html,
www.motorolasolutions.com/rhogallery,www.zebra.com/rhogallery,us/en/products/software/mobile-computers/rhomobile-suite.html,
www.motorolasolutions.com/rhohub,www.zebra.com/rhohub,us/en/products/software/mobile-computers/rhomobile-suite.html,
www.motorolasolutions.com/rhostudio,www.zebra.com/rhostudio,us/en/products/software/mobile-computers/rhomobile-suite.html,
www.motorolasolutions.com/rhomobilesuite,www.zebra.com/rhomobile,us/en/products/software/mobile-computers/rhomobile-suite.html,
www.motorolasolutions.com/tekspeechpro,www.zebra.com/tekspeechpro,us/en/products/software/mobile-computers/tekspeechpro.html,
www.motorolasolutions.com/speakeasy,www.zebra.com/terminalemulation,us/en/products/software/mobile-computers/terminal-emulation-software/terminal-emulation.html,
,www.zebra.com/voiceenabledterminalemulation,us/en/products/software/mobile-computers/terminal-emulation-software/voice-enabled-terminal-emulation.html,
,www.zebra.com/workforceconnect,us/en/products/software/mobile-computers/workforce-connect.html,
,www.zebra.com/pushtotalkexpress,us/en/products/software/mobile-computers/workforce-connect/workforce-connect-ptt-express.html,
,www.zebra.com/workforceconnectvoice,us/en/products/software/mobile-computers/workforce-connect/workforce-connect-voice.html,
developer.motorolasolutions.com/community/rhomobile-suite/videos,www.zebra.com/scanningsystems,us/en/products/software/scanning-systems.html,
,www.zebra.com/scannerdriversandutilities,us/en/products/software/scanning-systems/scanner-drivers-and-utiltities.html,
developer.motorolasolutions.com/community/enterprisebrowser,www.zebra.com/scannersoftware,us/en/products/software/scanning-systems/scanner-drivers-and-utiltities.html,
http://www.motorolasolutions.com/scannerhowtovideos,"www.zebra.com/scannerhowtovideos
",us/en/products/software/scanning-systems/scanner-drivers-and-utiltities.html,
"http://www.motorolasolutions.com/123Scan
www.motorolasolutions/123scan2
http://www.youtube.com/watch?v=nfo3o-zjWzg&feature=youtu.be 
","www.zebra.com/123scan2
",us/en/products/software/scanning-systems/scanner-drivers-and-utiltities/123scan2-configuration-utility.html,
,www.zebra.com/123scan,us/en/products/software/scanning-systems/scanner-drivers-and-utiltities/123scan2-configuration-utility.html,
www.motorolasolutions.com/SMS,www.zebra.com/sms,us/en/products/software/scanning-systems/scanner-drivers-and-utiltities/scanner-management-service.html,
www.motorolasolutions.com/windowssdk,www.zebra.com/scannersdkforwindows,us/en/products/software/scanning-systems/scanner-drivers-and-utiltities/scanner-sdk-for-windows.html,
www.motorolasolutions.com/WindowsSDK,www.zebra.com/windowssdk,us/en/products/software/scanning-systems/scanner-drivers-and-utiltities/scanner-sdk-for-windows.html,
,www.zebra.com/networkwlansoftware,us/en/products/software/wlan-systems.html,
,www.zebra.com/networkwlansoftware,us/en/products/software/wlan-systems.html,
"www.motorolasolutions.com/rfdesign
",www.zebra.com/networkdesign,us/en/products/software/wlan-systems/network-design-software.html,
www.motorolasolutions.comrfdesignsoftware,www.zebra.com/networkdesign,us/en/products/software/wlan-systems/network-design-software.html,
,www.zebra.com/lanplanner,us/en/products/software/wlan-systems/network-design-software/lanplanner.html,
,www.zebra.com/outdoorplanner,us/en/products/software/wlan-systems/network-design-software/outdoor_planner.html,
"www.motorolasolutions.com/wlansecurity
","www.zebra.com/wlanmanagementsoftware
",us/en/products/software/wlan-systems/wlan-management-and-security-software.html,
www.motorola.com/wms,www.zebra.com/wms,us/en/products/software/wlan-systems/wlan-management-and-security-software.html,
,www.zebra.com/airdefensebluetooth,us/en/products/software/wlan-systems/wlan-management-and-security-software/airdefense_bluetooth_monitoring.html,
,www.zebra.com/airdefensemobile,us/en/products/software/wlan-systems/wlan-management-and-security-software/airdefense_mobile.html,
www.motorolasolutions.com/wlanmanagement,www.zebra.com/airdefenseinfrastructure,us/en/products/software/wlan-systems/wlan-management-and-security-software/airdefense-infrastructure-management.html,
,www.zebra.com/airdefensenetworkassurance,us/en/products/software/wlan-systems/wlan-management-and-security-software/airdefense-network-assurance-solutions.html,
,www.zebra.com/airdefensewids-wips,us/en/products/software/wlan-systems/wlan-management-and-security-software/airdefense-wids-wips.html,
,www.zebra.com/fipsvalidation,us/en/products/software/wlan-systems/wlan-management-and-security-software/fips-validation.html,
,www.zebra.com/proximityawarenessanalytics,us/en/products/software/wlan-systems/wlan-management-and-security-software/proximity-awareness-and-analytics.html,
,www.zebra.com/rfmanagement,us/en/products/software/wlan-systems/wlan-management-and-security-software/rf-management-software.html,
www.motorolasolutions.com/configwizard,www.zebra.com/secureaccessenrollment,us/en/products/software/wlan-systems/wlan-management-and-security-software/secure_access_enrollment_server.html,
,"www.zebra.com/wlansoftwaresupport
",us/en/products/software/wlan-systems/wlan-management-and-security-software/software_support_for_wireless_infrastructure_devices.html,
,www.zebra.com/supportforwirelessinfrastructure,us/en/products/software/wlan-systems/wlan-management-and-security-software/software_support_for_wireless_infrastructure_devices.html,
,www.zebra.com/wing5distributedfirewall,us/en/products/software/wlan-systems/wlan-management-and-security-software/wing-5-distributed-firewall.html,
,www.zebra.com/commerce,us/en/products/software/zebra-commerce.html,
,www.zebra.com/com-efficency,us/en/products/software/zebra-commerce/efficiency.html,
,www.zebra.com/com-engagement,us/en/products/software/zebra-commerce/engagement.html,
,www.zebra.com/commerceinsights,us/en/products/software/zebra-commerce/insights.html,
www.motorola.com/mobilepayment,www.zebra.com/com-mobilepayment,us/en/products/software/zebra-commerce/mobile-payment.html,
,www.zebra.com/paymentgateway ,us/en/products/software/zebra-commerce/mobile-payment/payment-gateway.html,
,www.zebra.com/paymenthardware,us/en/products/software/zebra-commerce/mobile-payment/payment-hardware.html,
,www.zebra.com/receiptprinting,us/en/products/software/zebra-commerce/mobile-payment/transaction-receipts.html,
,www.zebra.com/commercemobilityapps,us/en/products/software/zebra-commerce/mobility-applications.html,
,www.zebra.com/commerceappserver,us/en/products/software/zebra-commerce/mobility-applications/mobility-application-server.html,
,www.zebra.com/commerceretailapps,us/en/products/software/zebra-commerce/mobility-applications/retail-applications.html,not working as of 3/17
,www.zebra.com/commerceresources,us/en/products/software/zebra-commerce/resources.html,
,www.zebra.com/commerceservices,us/en/products/software/zebra-commerce/services.html,
,www.zebra.com/commercecustomization,us/en/products/software/zebra-commerce/services/customization.html,
,www.zebra.com/commerceintegration,us/en/products/software/zebra-commerce/services/integration.html,
,www.zebra.com/commercemaintenance,us/en/products/software/zebra-commerce/services/maintenance.html,
,www.zebra.com/whyzebracommerce,us/en/products/software/zebra-commerce/why-zebra-commerce.html,
,www.zebra.com/supplies,us/en/products/supplies.html,
,www.zebra.com/cardlaminates,us/en/products/supplies/card-laminates-overlays.html,
,www.zebra.com/cardprintercleaning,us/en/products/supplies/card-printer-cleaning-supplies.html,
,www.zebra.com/cardprinterribbons,us/en/products/supplies/card-printer-ribbons.html,
,www.zebra.com/cards,us/en/products/supplies/cards.html,
,www.zebra.com/customsupplies,us/en/products/supplies/custom-supplies.html,
,www.zebra.com/labelstags,us/en/products/supplies/labels-tags.html,
,www.zebra.com/quickcardkit,us/en/products/supplies/quikcard-photo-id-kit.html,
,www.zebra.com/receipts,us/en/products/supplies/receipts.html,
,www.zebra.com/rfidinlayguidelines,us/en/products/supplies/rfid-transponder-inlay-guidelines.html,
,www.zebra.com/ribbons,us/en/products/supplies/ribbons.html,
,www.zebra.com/wristbands,us/en/products/supplies/wristbands.html,
,www.zebra.com/tablets,us/en/products/tablets.html,
www.motorolasolutions.com/et1,www.zebra.com/et1,us/en/products/tablets/et1.html,
www.motorolasolutions.com/services/government,www.zebra.com/services,us/en/services.html,
,www.zebra.com/knowledgecenter,us/en/services/knowledge-center.html,
,www.zebra.com/training,us/en/services/knowledge-center.html,
,www.zebra.com/enterprisetraining,us/en/services/knowledge-center.html,
,www.zebra.com/enterprisecourses,us/en/services/knowledge-center.html,
,www.zebra.com/trainingsubscriptionservices,us/en/services/knowledge-center.html,
,www.zebra.com/trainingrhomobile,us/en/services/knowledge-center.html,
,www.zebra.com/trainingwingit,us/en/services/knowledge-center.html,
,www.zebra.com/trainingpartnerempower,us/en/services/knowledge-center.html,
,www.zebra.com/trainingmobilesolutions,us/en/services/knowledge-center.html,
,www.zebra.com/trainingwirelessnetworksolutions,us/en/services/knowledge-center.html,
www.motorolasolutions.com/training,www.zebra.com/training,us/en/services/knowledge-center.html,
http://www.motorolasolutions.com/airdefense,www.zebra.com/run,us/en/services/run.html,
,www.zebra.com/dispatch,us/en/services/run.html,
www.motorolasolutions.com/managedservices,www.zebra.com/managedservices,us/en/services/run.html,
motorolasolutions.com/mobilitylifecyclemanagement,www.zebra.com/mobilitylifecyclemanagement,us/en/services/run/device-and-asset-management/mobility-lifecycle-management.html,
www.motorolasolutions.com/airdefense,www.zebra.com/airdefenseservicesplatform,us/en/services/run/network-infrastructure-management/it-infrastructure-management/airdefense-services-platform.html,
,www.zebra.com/supportservices,us/en/services/run/support-services.html,
www.motorolasolutions.com/servicefromthestart,www.zebra.com/servicefromthestart,us/en/services/run/support-services/service-from-the-start.html,
www.motorolasolutions.com/rfid/assetmanagement,www.zebra.com/solutions,us/en/solutions.html,
motorolasolutions.com/dynamicservice,www.zebra.com/fieldmobility,us/en/solutions/field-mobility-solutions.html,
,www.zebra.com/fm-fieldsales,us/en/solutions/field-mobility-solutions/field-sales-direct-store-delivery.html,
www.motorolasolutions.com/dsdrouteaccounting,www.zebra.com/dsdrouteaccounting,us/en/solutions/field-mobility-solutions/field-sales-direct-store-delivery.html,
www.motorolasolutions.com/dsdrouteaccounting,www.zebra.com/fm-fieldsales,us/en/solutions/field-mobility-solutions/field-sales-direct-store-delivery.html,
www.motorolasolutions.com/fieldservice,www.zebra.com/fm-fieldservice,us/en/solutions/field-mobility-solutions/field-service.html,
www.motorola.com/healthcare,www.zebra.com/healthcare,us/en/solutions/healthcare-solutions.html,
www.motorolasolutions.com/hospitality,www.zebra.com/hospitality,us/en/solutions/hospitality-solutions.html,
www.motorolasolutions.com/ap/hospitality,www.zebra.com/hospitality,us/en/solutions/hospitality-solutions.html,
"www.motorolasolutions.com/dpm
",www.zebra.com/manufacturing,us/en/solutions/manufacturing-solutions.html,
www.motorolasolutions.com/dpm,www.zebra.com/manufacturing,us/en/solutions/manufacturing-solutions.html,
www.motorolasolutions.com/retail,www.zebra.com/retail,us/en/solutions/retail-solutions.html,
,www.zebra.com/r-customerengagement,us/en/solutions/retail-solutions/customer-engagement.html,
www.motorolasolutions.com/MobilePOS,www.zebra.com/mobilepos,us/en/solutions/retail-solutions/customer-engagement.html,
www.motorolasolutions.com/fleetmanagement,www.zebra.com/tl-fleetmanagementanddeliveryoptions,us/en/solutions/transportation-logistics-solutions/fleet-management.html,udpated 3/17
www.motorolasolutions.com/warehouse,www.zebra.com/warehouse,us/en/solutions/warehouse-management-solutions.html,
http://www.motorolasolutions.com/warranty,www.zebra.com/warranty,us/en/support-downloads/warranty/product-warranty.html,Not working 3/17
motorola.com/MC9500/IU1,www.zebra.com/mc9500/iu1,us/en/products/mobile-computers/handheld/mc9500-k.html,
motorola.com/MC9500/IW1,www.zebra.com/mc9500/iw1,us/en/products/mobile-computers/handheld/mc9500-k.html,
motorola.com/MC9500/IW2,www.zebra.com/mc9500/iw2,us/en/products/mobile-computers/handheld/mc9500-k.html,
www.motorolasolutions.com/SE2010,www.zebra.com/se2010,us/en/products/mobile-computers.html,
www.motorolasolutions.com/EasyWiFi,www.zebra.com/tw510,us/en/products/networks/wireless-lan/access-points/t5-wi-fi-over-vdsl2-system.html,
www.motorolasolutions.com/plan,www.zebra.com/plan,us/en/services/plan.html,
http://www.motorola.com/enterprisemobility/manuals,www.zebra.com/enterprisesupport,us/en/support-downloads.html,
http://www.motorolasolutions.com/doc,www.zebra.com/doc,us/en/about-zebra/company-information/compliance/products-and-materials-compliance/declarations-of-conformity.html,
http://www.motorolasolutions.com/US-EN/Channel+Partners,www.zebra.com/enterprisesolutionpartners,us/en/partners.html,
,www.zebra.com/hc-medicaladministration,us/en/solutions/healthcare-solutions/medication-administration.html,
,www.zebra.com/hc-specimencollection,us/en/solutions/healthcare-solutions/mobile-specimen-collection.html,
,www.zebra.com/hc-positivepatientid,us/en/solutions/healthcare-solutions/positive-patient-id.html,
,www.zebra.com/hc-remotepatientmonitoring,us/en/solutions/healthcare-solutions/remote-patient-monitoring.html,
,www.zebra.com/hc-supplychainmanagement,us/en/solutions/healthcare-solutions/supply-chain-management.html,
,www.zebra.com/hc-healthcarestaffcommunications,us/en/solutions/healthcare-solutions/staff-communications.html,
,www.zebra.com/hc-wlanconnectivity,us/en/solutions/healthcare-solutions/wlan-connectivity-and-network-assurance.html,
,www.zebra.com/hc-wifihotspots,us/en/solutions/healthcare-solutions/visitor-patient-wifi-hotspots.html,
,www.zebra.com/hc-pharmacymanagement,us/en/solutions/healthcare-solutions/pharmacy-management.html,
,www.zebra.com/hc-laboratorymanagement,us/en/solutions/healthcare-solutions/laboratory-management.html,
,www.zebra.com/r-customerselfservice,us/en/solutions/retail-solutions/customer-self-service.html,
,www.zebra.com/r-loyaltymembershipandgiftcards,us/en/solutions/retail-solutions/loyalty-membership-gift-cards.html,
,www.zebra.com/r-couponingandgiftregistry,us/en/solutions/retail-solutions/couponing-gift-registry.html,
,www.zebra.com/r-staffcommunications,us/en/solutions/retail-solutions/staff-communications.html,
,www.zebra.com/r-merchandisingandinventorymanagement,us/en/solutions/retail-solutions/merchandising-inventory-management.html,
,www.zebra.com/r-wirelesscommunicationsinfrastructure,us/en/solutions/retail-solutions/wireless-communications.html,
,www.zebra.com/r-deviceandinfrastructuremanagement,us/en/solutions/retail-solutions/device-infrastructure-management.html,
,www.zebra.com/mfg-assetmanagement,us/en/solutions/manufacturing-solutions/asset-management.html,
,www.zebra.com/mfg-inventoryandmaterialsmanagement,us/en/solutions/manufacturing-solutions/inventory-materials-management.html,
,www.zebra.com/mfg-qualtiyandtraceability,us/en/solutions/manufacturing-solutions/quality-traceability.html,
,www.zebra.com/mfg-staffcommunications,us/en/solutions/manufacturing-solutions/staff-communications.html,
,www.zebra.com/mfg-industrialwireless,us/en/solutions/manufacturing-solutions/industrial-wireless.html,
,www.zebra.com/mfg-safetyandenvironmental,us/en/solutions/manufacturing-solutions/safety-environmental.html,
,www.zebra.com/mfg-mobileoperator,us/en/solutions/manufacturing-solutions/mobile-operator.html,
,www.zebra.com/mfg-devicemanagement,us/en/solutions/manufacturing-solutions/device-management.html,
,www.zebra.com/tl-fleetmanagementanddeliveryoptions,us/en/solutions/transportation-logistics-solutions/fleet-management.html,
,www.zebra.com/tl-pickupdelivery,us/en/solutions/transportation-logistics-solutions/pickup-delivery.html,
,www.zebra.com/tl-fleetmanagement,us/en/solutions/transportation-logistics-solutions/fleet-management.html,
,www.zebra.com/ti-warehouseandmaterialsmanagement,us/en/solutions/transportation-logistics-solutions.html,
,www.zebra.com/ti-voicedirectedpicking,us/en/solutions/transportation-logistics-solutions/voice-directed-multi-modal-picking.html,
,www.zebra.com/wm-cyclecountandinventorymanagement,us/en/solutions/warehouse-management-solutions/cycle-count-and-inventory-management.html,
,www.zebra.com/ti-packingandshipping,us/en/solutions/transportation-logistics-solutions/packing-and-staging.html,
,www.zebra.com/ti-receivingandsortation,us/en/solutions/transportation-logistics-solutions/receiving-and-sortation.html,
,www.zebra.com/ti-rfidtransportationsolutions,us/en/solutions/transportation-logistics-solutions/rfid-transportation-solutions.html,
,www.zebra.com/ti-yardmanagement,us/en/solutions/transportation-logistics-solutions/yard-management.html,
,www.zebra.com/tl-wirelessinfrastructure,us/en/solutions/transportation-logistics-solutions/wireless-infrastructure-security.html,
,www.zebra.com/tl-deviceandassetmanagement,us/en/solutions/transportation-logistics-solutions/device-asset-management.html,
,www.zebra.com/fm-fleetmanagement,us/en/solutions/field-mobility-solutions/fleet-management-delivery.html,
,www.zebra.com/wm-putawayreplenishment,us/en/solutions/warehouse-management-solutions/put-away-and-replenishment.html,
,www.zebra.com/wm-voicedirectedpicking,us/en/solutions/warehouse-management-solutions/voice-directed-multi-modal-picking.html,
,www.zebra.com/wm-staffcommunications,us/en/solutions/warehouse-management-solutions/staff-communications.html,
,www.zebra.com/wm-rfidsolutions,us/en/solutions/warehouse-management-solutions/rfid-solutions-warehouses-dcs.html,
,www.zebra.com/wm-packingandstaging,us/en/solutions/warehouse-management-solutions/packing-and-staging.html,
,www.zebra.com/wm-shippinganddelivery,us/en/solutions/warehouse-management-solutions/shipping-and-delivery.html,
,www.zebra.com/wm-receivingandsortation,us/en/solutions/warehouse-management-solutions/receiving-and-sortation.html,
,www.zebra.com/wm-industrialwireless,us/en/solutions/warehouse-management-solutions/industrial-wireless-solutions.html,
,www.zebra.com/locationsolutions,us/en/solutions/location-solutions.html,3/19 sj
,www.zebra.com/ls-motionworks,us/en/solutions/location-solutions/sports-tracking.html,3/19 sj
,www.zebra.com/ls-wip,us/en/solutions/location-solutions/work-in-progress.html,3/19 sj
,www.zebra.com/ls-yardmanagement,us/en/solutions/location-solutions/yard-management.html,3/19 sj
,www.zebra.com/ls-inventorytracking,us/en/solutions/location-solutions/inventory-tracking.html,3/19 sj
,www.zebra.com/ls-materialflow,us/en/solutions/location-solutions/material-flow.html,3/19 sj
,www.zebra.com/ls-assetvisibility,us/en/solutions/location-solutions/asset-visibility.html,3/19 sj
,www.zebra.com/ls-enablingtechnologies,us/en/solutions/location-solutions/enabling-technologies.html,3/19 sj
,www.zebra.com/hospitality-orderingpayment,us/en/solutions/hospitality-solutions/ordering-and-payment.html,
,www.zebra.com/hospitality-guestsafety,us/en/solutions/hospitality-solutions/guest-safety-security.html,
,www.zebra.com/hospitality-staffcommunications,us/en/solutions/hospitality-solutions/staff-communications.html,
,www.zebra.com/hospitality-inventorymanagemeent,us/en/solutions/hospitality-solutions/inventory-management.html,
,www.zebra.com/hospitality-wirelesscommunications,us/en/solutions/hospitality-solutions/wireless-communications.html,
,www.zebra.com/hospitality-loyaltymembershipandaccesscards,us/en/solutions/hospitality-solutions/loyalty-membership-access-cards.html,
,www.zebra.com/about,us/en/about-zebra.html,updated 3/18
,www.zebra.com/cobrandingwizard,us/en/partners.html,
,www.zebra.com/privacy,us/en/about-zebra/company-information/compliance/information-privacy/privacy-statement.html,
,www.zebra.com/secureaccessenrollment,us/en/products/software/wlan-systems/wlan-management-and-security-software/secure_access_enrollment_server.html,
motorolasolutions.com/certification,www.zebra.com/certification,us/en/services/knowledge-center/certification.html,Added 3/10
,www.zebra.com/contacttechsupport,us/en/about-zebra/contact-us/contact-tech-support.html,Not working 3/18
,www.zebra.com/dynamicservice,us/en/solutions/field-mobility-solutions.html,Added 3/17
,www.zebra.com/intelligentproduction,us/en/solutions/manufacturing-solutions.html,Added 3/17
,www.zebra.com/flawlessfulfillment,us/en/solutions/manufacturing-solutions.html,Not working 3/18
,www.zebra.com/industrialwireless,us/en/solutions/manufacturing-solutions.html,Added 3/17
,www.zebra.com/enterpriseRFID,us/en/products/rfid.html,Added 3/17
,www.zebra.com/transportationandlogistics,us/en/solutions/transportation-logistics-solutions.html,Not working as of 3/17
,www.zebra.com/enterpriseretail,us/en/solutions/retail-solutions.html,Added 3/17
,www.zebra.com/pos,us/en/solutions/retail-solutions/point-of-sale-solutions.html,Added 3/17
,www.zebra.com/enterprisehealthcare,us/en/solutions/healthcare-solutions.html,Added 3/17
,www.zebra.com/rockwellautomation,us/en/cpn/rockwell-automation.html,Not working as of 3/17
,www.zebra.com/coldchain,us/en/solutions/warehouse-management-solutions/cold-chain-solutions.html,Added 3/18
,www.zebra.com/ds7708,us/en/products/scanners/general-purpose-scanners/hands-free-on-counter/ds7708.html,
,www.zebra.com/requestrepair,us/en/support-downloads/request-repair.html,
,www.zebra.com/rma-apac,us/en/support-downloads/request-repair/online-rma-apac.html,
,www.zebra.com/rma-latam,us/en/support-downloads/request-repair/online-rma-latam.html,
,www.zebra.com/rma-na,us/en/support-downloads/request-repair/online-rma-na.html,
,www.zebra.com/rma-emea,us/en/support-downloads/request-repair/online-rma-emea.html,
,www.zebra.com/mobilitydna,us/en/products/software/mobile-computers/mobility-dna.html,12/5/2015
,www.zebra.com/TC55,us/en/products/mobile-computers/handheld/tc55.html,12/5/2015
,www.zebra.com/swipeassist,us/en/products/software/mobile-computers/mobile-app-utilities/swipe-assist.html,12/5/2015
,www.zebra.com/simulscan,us/en/products/software/mobile-computers/mobile-app-utilities/simulscan-document-capture.html,12/5/2015
,www.zebra.com/alltouchte,us/en/products/software/mobile-computers/terminal-emulation-software/all-touch-terminal-emulation.html,12/5/2015
,www.zebra.com/wingexpress,us/en/products/networks/wireless-lan/wing-express-small-business-network.html,5/28/2015
,,,
14percent,www.zebra.com/14percent,http://seemore.zebra.com/increase-productivity-with-tc8000,
